{
  "name": "grow-more-frontend",
  "version": "1.0.0",
  "description": "Grow More Business Platform Frontend",
  "private": true,
  "dependencies": {
    "@testing-library/jest-dom": "^5.16.5",
    "@testing-library/react": "^13.4.0",
    "@testing-library/user-event": "^14.4.3",
    "react": "^18.2.0",
    "react-dom": "^18.2.0",
    "react-scripts": "5.0.1",
    "react-router-dom": "^6.14.2",
    "axios": "^1.5.0",
    "chart.js": "^4.4.0",
    "react-chartjs-2": "^5.2.0",
    "styled-components": "^6.0.7",
    "react-toastify": "^9.1.3",
    "react-hook-form": "^7.45.4",
    "react-query": "^3.39.3",
    "framer-motion": "^10.16.4",
    "lucide-react": "^0.263.1",
    "react-datepicker": "^4.16.0",
    "react-modal": "^3.16.1",
    "socket.io-client": "^4.7.2"
  },
  "scripts": {
    "start": "react-scripts start",
    "build": "react-scripts build",
    "test": "react-scripts test",
    "eject": "react-scripts eject"
  },
  "eslintConfig": {
    "extends": [
      "react-app",
      "react-app/jest"
    ]
  },
  "browserslist": {
    "production": [
      ">0.2%",
      "not dead",
      "not op_mini all"
    ],
    "development": [
      "last 1 chrome version",
      "last 1 firefox version",
      "last 1 safari version"
    ]
  },
  "proxy": "http://localhost:5000"
}